Algoritmo,Tamaño,Semilla,Éxito,Tiempo,Nodos
Backtracking,4,0,1,0.000141143798828125,7
Backtracking,4,1,1,4.3392181396484375e-05,45
Backtracking,4,2,1,1.1920928955078125e-05,7
Backtracking,4,3,1,4.100799560546875e-05,45
Backtracking,4,4,1,1.1205673217773438e-05,8
Backtracking,4,5,1,2.574920654296875e-05,23
Backtracking,4,6,1,2.6464462280273438e-05,26
Backtracking,4,7,1,2.574920654296875e-05,27
Backtracking,4,8,1,2.574920654296875e-05,28
Backtracking,4,9,1,2.6464462280273438e-05,28
Backtracking,4,10,1,2.47955322265625e-05,26
Backtracking,4,11,1,2.47955322265625e-05,24
Backtracking,4,12,1,2.5510787963867188e-05,26
Backtracking,4,13,1,3.886222839355469e-05,41
Backtracking,4,14,1,1.1205673217773438e-05,8
Backtracking,4,15,1,2.5033950805664062e-05,24
Backtracking,4,16,1,3.7670135498046875e-05,39
Backtracking,4,17,1,2.5987625122070312e-05,26
Backtracking,4,18,1,1.4781951904296875e-05,12
Backtracking,4,19,1,1.2159347534179688e-05,10
Backtracking,4,20,1,1.049041748046875e-05,5
Backtracking,4,21,1,2.5987625122070312e-05,25
Backtracking,4,22,1,2.7179718017578125e-05,28
Backtracking,4,23,1,1.1920928955078125e-05,10
Backtracking,4,24,1,1.1205673217773438e-05,7
Backtracking,4,25,1,1.2874603271484375e-05,12
Backtracking,4,26,1,3.981590270996094e-05,44
Backtracking,4,27,1,2.5033950805664062e-05,25
Backtracking,4,28,1,1.0013580322265625e-05,5
Backtracking,4,29,1,2.5272369384765625e-05,26
Forward Checking,4,0,1,0.0001125335693359375,4
Forward Checking,4,1,1,0.00019240379333496094,12
Forward Checking,4,2,1,7.343292236328125e-05,4
Forward Checking,4,3,1,0.0001900196075439453,12
Forward Checking,4,4,1,7.200241088867188e-05,4
Forward Checking,4,5,1,0.0001304149627685547,8
Forward Checking,4,6,1,0.00012826919555664062,8
Forward Checking,4,7,1,0.00013446807861328125,8
Forward Checking,4,8,1,0.00013256072998046875,8
Forward Checking,4,9,1,0.00013113021850585938,8
Forward Checking,4,10,1,0.00013208389282226562,8
Forward Checking,4,11,1,0.00012755393981933594,8
Forward Checking,4,12,1,0.00013017654418945312,8
Forward Checking,4,13,1,0.00018596649169921875,12
Forward Checking,4,14,1,7.653236389160156e-05,4
Forward Checking,4,15,1,0.00012993812561035156,8
Forward Checking,4,16,1,0.0001850128173828125,12
Forward Checking,4,17,1,0.0001285076141357422,8
Forward Checking,4,18,1,7.200241088867188e-05,4
Forward Checking,4,19,1,7.081031799316406e-05,4
Forward Checking,4,20,1,7.319450378417969e-05,4
Forward Checking,4,21,1,0.00012731552124023438,8
Forward Checking,4,22,1,0.00013637542724609375,8
Forward Checking,4,23,1,7.176399230957031e-05,4
Forward Checking,4,24,1,7.176399230957031e-05,4
Forward Checking,4,25,1,7.62939453125e-05,4
Forward Checking,4,26,1,0.0001850128173828125,12
Forward Checking,4,27,1,0.00012683868408203125,8
Forward Checking,4,28,1,7.557868957519531e-05,4
Forward Checking,4,29,1,0.00012755393981933594,8
Backtracking,8,0,1,8.20159912109375e-05,63
Backtracking,8,1,1,4.3392181396484375e-05,30
Backtracking,8,2,1,0.00014019012451171875,120
Backtracking,8,3,1,0.0004799365997314453,501
Backtracking,8,4,1,0.00035381317138671875,362
Backtracking,8,5,1,0.00011134147644042969,103
Backtracking,8,6,1,9.799003601074219e-05,83
Backtracking,8,7,1,0.00018715858459472656,194
Backtracking,8,8,1,3.6716461181640625e-05,23
Backtracking,8,9,1,0.00010371208190917969,95
Backtracking,8,10,1,0.00013494491577148438,126
Backtracking,8,11,1,0.00016999244689941406,168
Backtracking,8,12,1,9.632110595703125e-05,81
Backtracking,8,13,1,0.00012135505676269531,114
Backtracking,8,14,1,5.626678466796875e-05,43
Backtracking,8,15,1,0.0004322528839111328,445
Backtracking,8,16,1,0.00010585784912109375,98
Backtracking,8,17,1,6.604194641113281e-05,53
Backtracking,8,18,1,6.818771362304688e-05,53
Backtracking,8,19,1,7.653236389160156e-05,60
Backtracking,8,20,1,0.00023984909057617188,243
Backtracking,8,21,1,9.608268737792969e-05,85
Backtracking,8,22,1,6.29425048828125e-05,50
Backtracking,8,23,1,0.0002598762512207031,261
Backtracking,8,24,1,0.00014972686767578125,141
Backtracking,8,25,1,5.340576171875e-05,39
Backtracking,8,26,1,0.0002677440643310547,269
Backtracking,8,27,1,7.534027099609375e-05,65
Backtracking,8,28,1,3.647804260253906e-05,20
Backtracking,8,29,1,5.555152893066406e-05,40
Forward Checking,8,0,1,0.0008034706115722656,24
Forward Checking,8,1,1,0.0004839897155761719,13
Forward Checking,8,2,1,0.0004611015319824219,12
Forward Checking,8,3,1,0.002137899398803711,68
Forward Checking,8,4,1,0.0004534721374511719,12
Forward Checking,8,5,1,0.0003485679626464844,8
Forward Checking,8,6,1,0.0003662109375,9
Forward Checking,8,7,1,0.0005564689636230469,16
Forward Checking,8,8,1,0.00034332275390625,8
Forward Checking,8,9,1,0.0005896091461181641,17
Forward Checking,8,10,1,0.00034618377685546875,8
Forward Checking,8,11,1,0.00048613548278808594,13
Forward Checking,8,12,1,0.00034499168395996094,8
Forward Checking,8,13,1,0.00047969818115234375,13
Forward Checking,8,14,1,0.0007274150848388672,21
Forward Checking,8,15,1,0.0013964176177978516,43
Forward Checking,8,16,1,0.0012004375457763672,36
Forward Checking,8,17,1,0.0004391670227050781,11
Forward Checking,8,18,1,0.0005314350128173828,15
Forward Checking,8,19,1,0.0008833408355712891,27
Forward Checking,8,20,1,0.0007147789001464844,21
Forward Checking,8,21,1,0.00035190582275390625,8
Forward Checking,8,22,1,0.00034427642822265625,8
Forward Checking,8,23,1,0.00045871734619140625,12
Forward Checking,8,24,1,0.0003921985626220703,10
Forward Checking,8,25,1,0.0005817413330078125,16
Forward Checking,8,26,1,0.0006566047668457031,19
Forward Checking,8,27,1,0.00035500526428222656,8
Forward Checking,8,28,1,0.000469207763671875,13
Forward Checking,8,29,1,0.0003418922424316406,8
Backtracking,10,0,1,0.004532814025878906,4425
Backtracking,10,1,1,0.00017142295837402344,138
Backtracking,10,2,1,0.0013408660888671875,1233
Backtracking,10,3,1,0.0005853176116943359,537
Backtracking,10,4,1,0.0018775463104248047,1790
Backtracking,10,5,1,0.0004506111145019531,423
Backtracking,10,6,1,0.0003619194030761719,311
Backtracking,10,7,1,9.34600830078125e-05,67
Backtracking,10,8,1,0.00018596649169921875,163
Backtracking,10,9,1,5.745887756347656e-05,29
Backtracking,10,10,1,0.00016617774963378906,134
Backtracking,10,11,1,0.0006062984466552734,564
Backtracking,10,12,1,0.001703023910522461,1628
Backtracking,10,13,1,0.0010309219360351562,873
Backtracking,10,14,1,6.031990051269531e-05,30
Backtracking,10,15,1,0.0005605220794677734,500
Backtracking,10,16,1,0.0002300739288330078,184
Backtracking,10,17,1,0.0005109310150146484,467
Backtracking,10,18,1,0.0012903213500976562,1223
Backtracking,10,19,1,0.002029895782470703,1977
Backtracking,10,20,1,0.0002815723419189453,236
Backtracking,10,21,1,0.0004169940948486328,391
Backtracking,10,22,1,0.00010633468627929688,77
Backtracking,10,23,1,0.001956939697265625,1891
Backtracking,10,24,1,5.698204040527344e-05,29
Backtracking,10,25,1,8.988380432128906e-05,61
Backtracking,10,26,1,0.0003948211669921875,345
Backtracking,10,27,1,7.605552673339844e-05,53
Backtracking,10,28,1,6.29425048828125e-05,37
Backtracking,10,29,1,6.222724914550781e-05,35
Forward Checking,10,0,1,0.011467695236206055,276
Forward Checking,10,1,1,0.0007390975952148438,13
Forward Checking,10,2,1,0.0025386810302734375,58
Forward Checking,10,3,1,0.0006477832794189453,11
Forward Checking,10,4,1,0.0022585391998291016,52
Forward Checking,10,5,1,0.0023882389068603516,56
Forward Checking,10,6,1,0.0015990734100341797,35
Forward Checking,10,7,1,0.0007390975952148438,14
Forward Checking,10,8,1,0.0012750625610351562,27
Forward Checking,10,9,1,0.002605438232421875,60
Forward Checking,10,10,1,0.0006401538848876953,11
Forward Checking,10,11,1,0.0010466575622558594,21
Forward Checking,10,12,1,0.002722501754760742,63
Forward Checking,10,13,1,0.001331329345703125,29
Forward Checking,10,14,1,0.002276897430419922,48
Forward Checking,10,15,1,0.0008151531219482422,15
Forward Checking,10,16,1,0.002274036407470703,50
Forward Checking,10,17,1,0.0022504329681396484,52
Forward Checking,10,18,1,0.0007038116455078125,12
Forward Checking,10,19,1,0.0016498565673828125,35
Forward Checking,10,20,1,0.0008134841918945312,16
Forward Checking,10,21,1,0.0006895065307617188,12
Forward Checking,10,22,1,0.001071929931640625,22
Forward Checking,10,23,1,0.0010056495666503906,20
Forward Checking,10,24,1,0.002414226531982422,57
Forward Checking,10,25,1,0.0048673152923583984,118
Forward Checking,10,26,1,0.016155242919921875,390
Forward Checking,10,27,1,0.0010006427764892578,19
Forward Checking,10,28,1,0.0027129650115966797,63
Forward Checking,10,29,1,0.0018379688262939453,41
