algorithm_name,env_n,size,best_solution,H,states,time
Random,1,4,"[3, 3, 0, 2]",0,302,0.0009
Hill Climbing,1,4,"[3, 3, 0, 2]",0,2,0.0
Simulated Annealing,1,4,"[3, 3, 0, 2]",0,65,0.0003
Genetic Algorithm,1,4,"[1, 3, 0, 2]",0,201,0.0028
Random,2,4,"[1, 0, 2, 0]",0,421,0.0013
Hill Climbing,2,4,"[1, 0, 2, 0]",0,203,0.0038
Simulated Annealing,2,4,"[1, 0, 2, 0]",0,278,0.0014
Genetic Algorithm,2,4,"[1, 3, 0, 2]",0,201,0.0026
Random,3,4,"[0, 0, 0, 2]",0,446,0.0013
Hill Climbing,3,4,"[0, 0, 0, 2]",0,3,0.0
Simulated Annealing,3,4,"[0, 0, 0, 2]",0,25,0.0001
Genetic Algorithm,3,4,"[1, 3, 0, 2]",0,201,0.0026
Random,4,4,"[1, 1, 2, 3]",0,14,0.0001
Hill Climbing,4,4,"[1, 1, 2, 3]",0,202,0.0039
Simulated Annealing,4,4,"[1, 1, 2, 3]",0,139,0.0008
Genetic Algorithm,4,4,"[2, 0, 3, 1]",0,201,0.0027
Random,5,4,"[1, 2, 0, 3]",0,12,0.0
Hill Climbing,5,4,"[1, 2, 0, 3]",0,101,0.0012
Simulated Annealing,5,4,"[1, 2, 0, 3]",0,459,0.0021
Genetic Algorithm,5,4,"[1, 3, 0, 2]",0,201,0.0026
Random,6,4,"[2, 2, 0, 3]",0,102,0.0003
Hill Climbing,6,4,"[2, 2, 0, 3]",0,103,0.001
Simulated Annealing,6,4,"[2, 2, 0, 3]",0,70,0.0003
Genetic Algorithm,6,4,"[2, 0, 3, 1]",0,201,0.0026
Random,7,4,"[0, 3, 2, 0]",0,4,0.0
Hill Climbing,7,4,"[0, 3, 2, 0]",0,205,0.0038
Simulated Annealing,7,4,"[0, 3, 2, 0]",0,100,0.0006
Genetic Algorithm,7,4,"[1, 3, 0, 2]",0,603,0.0468
Random,8,4,"[2, 1, 3, 0]",0,93,0.0003
Hill Climbing,8,4,"[2, 1, 3, 0]",0,104,0.0012
Simulated Annealing,8,4,"[2, 1, 3, 0]",0,266,0.0012
Genetic Algorithm,8,4,"[1, 3, 0, 2]",0,402,0.0244
Random,9,4,"[1, 2, 3, 1]",0,7,0.0
Hill Climbing,9,4,"[1, 2, 3, 1]",0,4,0.0
Simulated Annealing,9,4,"[1, 2, 3, 1]",0,115,0.0006
Genetic Algorithm,9,4,"[2, 0, 3, 1]",0,201,0.0026
Random,10,4,"[3, 2, 2, 1]",0,4,0.0
Hill Climbing,10,4,"[3, 2, 2, 1]",0,4,0.0
Simulated Annealing,10,4,"[3, 2, 2, 1]",0,88,0.0004
Genetic Algorithm,10,4,"[2, 0, 3, 1]",0,201,0.0026
Random,11,4,"[0, 3, 3, 0]",0,25,0.0001
Hill Climbing,11,4,"[0, 3, 3, 0]",0,305,0.0065
Simulated Annealing,11,4,"[0, 3, 3, 0]",0,59,0.0003
Genetic Algorithm,11,4,"[2, 0, 3, 1]",0,201,0.0026
Random,12,4,"[3, 3, 3, 1]",0,4,0.0
Hill Climbing,12,4,"[3, 3, 3, 1]",0,3,0.0
Simulated Annealing,12,4,"[3, 3, 3, 1]",0,226,0.0012
Genetic Algorithm,12,4,"[1, 3, 0, 2]",0,201,0.0026
Random,13,4,"[3, 2, 2, 1]",0,277,0.0009
Hill Climbing,13,4,"[3, 2, 2, 1]",0,4,0.0
Simulated Annealing,13,4,"[3, 2, 2, 1]",0,95,0.0005
Genetic Algorithm,13,4,"[2, 0, 3, 1]",0,201,0.0026
Random,14,4,"[2, 2, 1, 1]",0,278,0.0009
Hill Climbing,14,4,"[2, 2, 1, 1]",0,3,0.0
Simulated Annealing,14,4,"[2, 2, 1, 1]",0,90,0.0004
Genetic Algorithm,14,4,"[1, 3, 0, 2]",0,201,0.0026
Random,15,4,"[0, 1, 2, 2]",0,254,0.0008
Hill Climbing,15,4,"[0, 1, 2, 2]",0,6,0.0001
Simulated Annealing,15,4,"[0, 1, 2, 2]",0,65,0.0003
Genetic Algorithm,15,4,"[2, 0, 3, 1]",0,201,0.0026
Random,16,4,"[1, 0, 0, 1]",0,179,0.0006
Hill Climbing,16,4,"[1, 0, 0, 1]",0,5,0.0
Simulated Annealing,16,4,"[1, 0, 0, 1]",0,168,0.0007
Genetic Algorithm,16,4,"[1, 3, 0, 2]",0,402,0.0243
Random,17,4,"[2, 3, 3, 2]",0,81,0.0003
Hill Climbing,17,4,"[2, 3, 3, 2]",0,4,0.0
Simulated Annealing,17,4,"[2, 3, 3, 2]",0,18,0.0001
Genetic Algorithm,17,4,"[1, 3, 0, 2]",0,201,0.0026
Random,18,4,"[3, 2, 2, 2]",0,65,0.0002
Hill Climbing,18,4,"[3, 2, 2, 2]",0,5,0.0001
Simulated Annealing,18,4,"[3, 2, 2, 2]",0,26,0.0001
Genetic Algorithm,18,4,"[2, 0, 3, 1]",0,402,0.0243
Random,19,4,"[1, 0, 3, 2]",0,309,0.001
Hill Climbing,19,4,"[1, 0, 3, 2]",0,7,0.0001
Simulated Annealing,19,4,"[1, 0, 3, 2]",0,72,0.0004
Genetic Algorithm,19,4,"[2, 0, 3, 1]",0,603,0.0459
Random,20,4,"[0, 0, 1, 3]",0,32,0.0001
Hill Climbing,20,4,"[0, 0, 1, 3]",0,102,0.0012
Simulated Annealing,20,4,"[0, 0, 1, 3]",0,17,0.0001
Genetic Algorithm,20,4,"[2, 0, 3, 1]",0,201,0.0026
Random,21,4,"[1, 2, 0, 2]",0,292,0.0009
Hill Climbing,21,4,"[1, 2, 0, 2]",0,2,0.0
Simulated Annealing,21,4,"[1, 2, 0, 2]",0,22,0.0001
Genetic Algorithm,21,4,"[1, 3, 0, 2]",0,201,0.0026
Random,22,4,"[1, 3, 3, 2]",0,81,0.0003
Hill Climbing,22,4,"[1, 3, 3, 2]",0,2,0.0
Simulated Annealing,22,4,"[1, 3, 3, 2]",0,205,0.001
Genetic Algorithm,22,4,"[1, 3, 0, 2]",0,201,0.0026
Random,23,4,"[1, 1, 0, 3]",0,57,0.0002
Hill Climbing,23,4,"[1, 1, 0, 3]",0,503,0.012
Simulated Annealing,23,4,"[1, 1, 0, 3]",0,135,0.0007
Genetic Algorithm,23,4,"[2, 0, 3, 1]",0,201,0.0026
Random,24,4,"[2, 0, 0, 2]",0,154,0.0005
Hill Climbing,24,4,"[2, 0, 0, 2]",0,5,0.0001
Simulated Annealing,24,4,"[2, 0, 0, 2]",0,141,0.0007
Genetic Algorithm,24,4,"[2, 0, 3, 1]",0,201,0.0026
Random,25,4,"[3, 1, 1, 1]",0,236,0.0007
Hill Climbing,25,4,"[3, 1, 1, 1]",0,5,0.0
Simulated Annealing,25,4,"[3, 1, 1, 1]",0,26,0.0001
Genetic Algorithm,25,4,"[1, 3, 0, 2]",0,201,0.0026
Random,26,4,"[3, 0, 1, 2]",0,677,0.002
Hill Climbing,26,4,"[3, 0, 1, 2]",0,5,0.0
Simulated Annealing,26,4,"[3, 0, 1, 2]",0,117,0.0005
Genetic Algorithm,26,4,"[2, 0, 3, 1]",0,201,0.0026
Random,27,4,"[1, 1, 3, 0]",0,29,0.0001
Hill Climbing,27,4,"[1, 1, 3, 0]",0,203,0.0039
Simulated Annealing,27,4,"[1, 1, 3, 0]",0,341,0.0017
Genetic Algorithm,27,4,"[1, 3, 0, 2]",0,201,0.0026
Random,28,4,"[3, 2, 2, 1]",0,238,0.0007
Hill Climbing,28,4,"[3, 2, 2, 1]",0,4,0.0
Simulated Annealing,28,4,"[3, 2, 2, 1]",0,94,0.0004
Genetic Algorithm,28,4,"[2, 0, 3, 1]",0,201,0.0026
Random,29,4,"[0, 1, 1, 1]",0,52,0.0002
Hill Climbing,29,4,"[0, 1, 1, 1]",0,5,0.0001
Simulated Annealing,29,4,"[0, 1, 1, 1]",0,408,0.0019
Genetic Algorithm,29,4,"[1, 3, 0, 2]",0,402,0.0249
Random,30,4,"[0, 2, 2, 0]",0,41,0.0001
Hill Climbing,30,4,"[0, 2, 2, 0]",0,101,0.0011
Simulated Annealing,30,4,"[0, 2, 2, 0]",0,74,0.0003
Genetic Algorithm,30,4,"[2, 0, 3, 1]",0,201,0.0026
Random,31,8,"[6, 6, 0, 4, 7, 6, 4, 7]",9,3000,0.018
Hill Climbing,31,8,"[6, 6, 0, 4, 7, 6, 4, 7]",9,3000,0.529
Simulated Annealing,31,8,"[6, 6, 0, 4, 7, 6, 4, 7]",0,912,0.008
Genetic Algorithm,31,8,"[2, 5, 1, 6, 0, 3, 7, 4]",0,2613,0.5323
Random,32,8,"[2, 1, 4, 1, 7, 7, 7, 6]",9,3000,0.0179
Hill Climbing,32,8,"[2, 1, 4, 1, 7, 7, 7, 6]",0,706,0.1142
Simulated Annealing,32,8,"[2, 1, 4, 1, 7, 7, 7, 6]",0,880,0.0078
Genetic Algorithm,32,8,"[3, 0, 4, 7, 1, 6, 2, 5]",0,4221,0.8813
Random,33,8,"[0, 1, 1, 5, 2, 4, 4, 3]",6,3000,0.0182
Hill Climbing,33,8,"[0, 1, 1, 5, 2, 4, 4, 3]",0,403,0.0585
Simulated Annealing,33,8,"[0, 1, 1, 5, 2, 4, 4, 3]",0,708,0.0068
Genetic Algorithm,33,8,"[5, 2, 4, 7, 0, 3, 1, 6]",0,6834,1.4547
Random,34,8,"[3, 2, 5, 7, 1, 0, 7, 4]",7,3000,0.0181
Hill Climbing,34,8,"[3, 2, 5, 7, 1, 0, 7, 4]",0,1603,0.2765
Simulated Annealing,34,8,"[3, 2, 5, 7, 1, 0, 7, 4]",1,1147,0.0093
Genetic Algorithm,34,8,"[7, 3, 0, 2, 5, 1, 6, 4]",0,3618,0.7506
Random,35,8,"[3, 4, 1, 6, 7, 2, 1, 1]",5,3000,0.0182
Hill Climbing,35,8,"[3, 4, 1, 6, 7, 2, 1, 1]",0,604,0.0944
Simulated Annealing,35,8,"[3, 4, 1, 6, 7, 2, 1, 1]",0,949,0.0083
Genetic Algorithm,35,8,"[3, 1, 6, 4, 0, 7, 5, 2]",0,3015,0.6176
Random,36,8,"[4, 5, 0, 7, 3, 0, 2, 1]",5,3000,0.0181
Hill Climbing,36,8,"[4, 5, 0, 7, 3, 0, 2, 1]",0,1004,0.1662
Simulated Annealing,36,8,"[4, 5, 0, 7, 3, 0, 2, 1]",0,731,0.0068
Genetic Algorithm,36,8,"[6, 3, 1, 7, 5, 0, 2, 4]",0,3618,0.75
Random,37,8,"[1, 7, 4, 0, 0, 2, 7, 5]",4,3000,0.018
Hill Climbing,37,8,"[1, 7, 4, 0, 0, 2, 7, 5]",0,704,0.1116
Simulated Annealing,37,8,"[1, 7, 4, 0, 0, 2, 7, 5]",0,734,0.007
Genetic Algorithm,37,8,"[2, 4, 1, 7, 0, 6, 3, 5]",0,2010,0.3986
Random,38,8,"[5, 2, 6, 0, 1, 1, 5, 0]",8,3000,0.0179
Hill Climbing,38,8,"[5, 2, 6, 0, 1, 1, 5, 0]",0,303,0.0417
Simulated Annealing,38,8,"[5, 2, 6, 0, 1, 1, 5, 0]",1,1147,0.0097
Genetic Algorithm,38,8,"[1, 6, 2, 5, 7, 4, 0, 3]",0,3618,0.748
Random,39,8,"[3, 5, 6, 2, 3, 0, 1, 2]",10,3000,0.0181
Hill Climbing,39,8,"[3, 5, 6, 2, 3, 0, 1, 2]",0,509,0.0769
Simulated Annealing,39,8,"[3, 5, 6, 2, 3, 0, 1, 2]",0,692,0.0067
Genetic Algorithm,39,8,"[0, 5, 7, 2, 6, 3, 1, 4]",0,3417,0.707
Random,40,8,"[7, 5, 4, 2, 2, 0, 5, 7]",7,3000,0.0178
Hill Climbing,40,8,"[7, 5, 4, 2, 2, 0, 5, 7]",0,2605,0.457
Simulated Annealing,40,8,"[7, 5, 4, 2, 2, 0, 5, 7]",1,1147,0.0095
Genetic Algorithm,40,8,"[2, 6, 1, 7, 4, 0, 3, 5]",0,804,0.1358
Random,41,8,"[0, 6, 7, 0, 3, 7, 7, 4]",6,3000,0.0182
Hill Climbing,41,8,"[0, 6, 7, 0, 3, 7, 7, 4]",0,106,0.006
Simulated Annealing,41,8,"[0, 6, 7, 0, 3, 7, 7, 4]",0,858,0.0076
Genetic Algorithm,41,8,"[0, 6, 4, 7, 1, 3, 5, 2]",0,46632,10.2544
Random,42,8,"[7, 7, 7, 3, 2, 7, 2, 1]",7,3000,0.018
Hill Climbing,42,8,"[7, 7, 7, 3, 2, 7, 2, 1]",0,106,0.0058
Simulated Annealing,42,8,"[7, 7, 7, 3, 2, 7, 2, 1]",1,1147,0.0095
Genetic Algorithm,42,8,"[6, 3, 1, 7, 5, 0, 2, 4]",0,3216,0.6611
Random,43,8,"[7, 4, 5, 2, 6, 0, 5, 7]",12,3000,0.0181
Hill Climbing,43,8,"[7, 4, 5, 2, 6, 0, 5, 7]",0,1506,0.255
Simulated Annealing,43,8,"[7, 4, 5, 2, 6, 0, 5, 7]",0,636,0.0063
Genetic Algorithm,43,8,"[4, 1, 7, 0, 3, 6, 2, 5]",0,2211,0.448
Random,44,8,"[4, 4, 2, 3, 2, 3, 2, 2]",5,3000,0.0179
Hill Climbing,44,8,"[4, 4, 2, 3, 2, 3, 2, 2]",0,1306,0.2226
Simulated Annealing,44,8,"[4, 4, 2, 3, 2, 3, 2, 2]",0,594,0.0059
Genetic Algorithm,44,8,"[5, 2, 0, 6, 4, 7, 1, 3]",0,3015,0.6206
Random,45,8,"[1, 3, 4, 4, 4, 1, 7, 4]",4,3000,0.0182
Hill Climbing,45,8,"[1, 3, 4, 4, 4, 1, 7, 4]",0,204,0.0231
Simulated Annealing,45,8,"[1, 3, 4, 4, 4, 1, 7, 4]",1,1147,0.0096
Genetic Algorithm,45,8,"[5, 3, 1, 4, 7, 5, 0, 2]",1,603000,133.6975
Random,46,8,"[3, 0, 0, 2, 3, 0, 0, 2]",7,3000,0.018
Hill Climbing,46,8,"[3, 0, 0, 2, 3, 0, 0, 2]",0,906,0.1482
Simulated Annealing,46,8,"[3, 0, 0, 2, 3, 0, 0, 2]",1,1147,0.0098
Genetic Algorithm,46,8,"[5, 7, 1, 3, 0, 6, 4, 2]",0,1608,0.3113
Random,47,8,"[5, 7, 7, 4, 6, 3, 7, 0]",4,3000,0.0182
Hill Climbing,47,8,"[5, 7, 7, 4, 6, 3, 7, 0]",0,106,0.006
Simulated Annealing,47,8,"[5, 7, 7, 4, 6, 3, 7, 0]",1,1147,0.0094
Genetic Algorithm,47,8,"[5, 2, 0, 7, 3, 1, 6, 4]",0,2814,0.5744
Random,48,8,"[6, 4, 5, 4, 2, 4, 1, 0]",10,3000,0.0182
Hill Climbing,48,8,"[6, 4, 5, 4, 2, 4, 1, 0]",0,905,0.1477
Simulated Annealing,48,8,"[6, 4, 5, 4, 2, 4, 1, 0]",1,1147,0.0094
Genetic Algorithm,48,8,"[2, 4, 1, 7, 0, 6, 3, 5]",0,3015,0.6183
Random,49,8,"[2, 1, 7, 5, 3, 3, 7, 7]",7,3000,0.018
Hill Climbing,49,8,"[2, 1, 7, 5, 3, 3, 7, 7]",0,406,0.0599
Simulated Annealing,49,8,"[2, 1, 7, 5, 3, 3, 7, 7]",1,1147,0.0094
Genetic Algorithm,49,8,"[5, 3, 1, 7, 4, 6, 0, 2]",0,26733,5.8391
Random,50,8,"[0, 1, 3, 6, 5, 4, 2, 4]",10,3000,0.018
Hill Climbing,50,8,"[0, 1, 3, 6, 5, 4, 2, 4]",0,905,0.1476
Simulated Annealing,50,8,"[0, 1, 3, 6, 5, 4, 2, 4]",1,1147,0.0097
Genetic Algorithm,50,8,"[3, 0, 4, 7, 5, 2, 6, 1]",0,4020,0.8385
Random,51,8,"[2, 4, 1, 5, 2, 0, 6, 6]",10,3000,0.018
Hill Climbing,51,8,"[2, 4, 1, 5, 2, 0, 6, 6]",0,1004,0.1668
Simulated Annealing,51,8,"[2, 4, 1, 5, 2, 0, 6, 6]",1,1147,0.0094
Genetic Algorithm,51,8,"[3, 0, 4, 7, 5, 2, 6, 1]",0,2211,0.4427
Random,52,8,"[2, 6, 6, 4, 7, 3, 7, 2]",11,3000,0.0182
Hill Climbing,52,8,"[2, 6, 6, 4, 7, 3, 7, 2]",0,506,0.0771
Simulated Annealing,52,8,"[2, 6, 6, 4, 7, 3, 7, 2]",1,1147,0.0099
Genetic Algorithm,52,8,"[5, 1, 6, 0, 3, 7, 4, 2]",0,3618,0.7487
Random,53,8,"[2, 3, 0, 7, 2, 1, 5, 1]",10,3000,0.0181
Hill Climbing,53,8,"[2, 3, 0, 7, 2, 1, 5, 1]",0,205,0.0231
Simulated Annealing,53,8,"[2, 3, 0, 7, 2, 1, 5, 1]",0,702,0.0067
Genetic Algorithm,53,8,"[7, 1, 3, 0, 6, 4, 2, 5]",0,3417,0.7053
Random,54,8,"[4, 1, 0, 4, 6, 6, 5, 2]",0,239,0.0016
Hill Climbing,54,8,"[4, 1, 0, 4, 6, 6, 5, 2]",0,4,0.0002
Simulated Annealing,54,8,"[4, 1, 0, 4, 6, 6, 5, 2]",1,1147,0.0094
Genetic Algorithm,54,8,"[2, 5, 3, 1, 7, 4, 6, 0]",0,1608,0.311
Random,55,8,"[6, 2, 3, 2, 3, 2, 1, 2]",6,3000,0.0181
Hill Climbing,55,8,"[6, 2, 3, 2, 3, 2, 1, 2]",0,401,0.0575
Simulated Annealing,55,8,"[6, 2, 3, 2, 3, 2, 1, 2]",1,1147,0.0095
Genetic Algorithm,55,8,"[3, 7, 0, 2, 5, 1, 6, 4]",0,4422,0.9292
Random,56,8,"[6, 0, 3, 4, 7, 0, 4, 0]",6,3000,0.0179
Hill Climbing,56,8,"[6, 0, 3, 4, 7, 0, 4, 0]",0,1506,0.2582
Simulated Annealing,56,8,"[6, 0, 3, 4, 7, 0, 4, 0]",1,1147,0.0094
Genetic Algorithm,56,8,"[2, 6, 1, 7, 5, 3, 0, 4]",0,4422,0.9244
Random,57,8,"[3, 3, 6, 0, 2, 7, 0, 2]",4,3000,0.0182
Hill Climbing,57,8,"[3, 3, 6, 0, 2, 7, 0, 2]",0,107,0.0062
Simulated Annealing,57,8,"[3, 3, 6, 0, 2, 7, 0, 2]",0,796,0.0071
Genetic Algorithm,57,8,"[2, 5, 1, 6, 0, 3, 7, 4]",0,263109,58.0266
Random,58,8,"[7, 4, 4, 3, 1, 1, 4, 5]",8,3000,0.0181
Hill Climbing,58,8,"[7, 4, 4, 3, 1, 1, 4, 5]",0,306,0.0404
Simulated Annealing,58,8,"[7, 4, 4, 3, 1, 1, 4, 5]",0,772,0.0073
Genetic Algorithm,58,8,"[3, 6, 0, 7, 4, 1, 5, 2]",0,11859,2.5759
Random,59,8,"[1, 2, 2, 3, 2, 7, 6, 3]",8,3000,0.018
Hill Climbing,59,8,"[1, 2, 2, 3, 2, 7, 6, 3]",0,6,0.0003
Simulated Annealing,59,8,"[1, 2, 2, 3, 2, 7, 6, 3]",0,802,0.007
Genetic Algorithm,59,8,"[3, 0, 4, 7, 5, 2, 6, 1]",0,2211,0.4416
Random,60,8,"[1, 5, 4, 1, 5, 6, 6, 0]",6,3000,0.0181
Hill Climbing,60,8,"[1, 5, 4, 1, 5, 6, 6, 0]",0,403,0.0585
Simulated Annealing,60,8,"[1, 5, 4, 1, 5, 6, 6, 0]",0,659,0.0064
Genetic Algorithm,60,8,"[4, 0, 7, 3, 1, 6, 2, 5]",0,4221,0.8828
Random,61,10,"[6, 6, 0, 4, 8, 7, 6, 4, 7, 5]",10,3000,0.0251
Hill Climbing,61,10,"[6, 6, 0, 4, 8, 7, 6, 4, 7, 5]",8,3000,0.9998
Simulated Annealing,61,10,"[6, 6, 0, 4, 8, 7, 6, 4, 7, 5]",1,1147,0.0136
Genetic Algorithm,61,10,"[4, 7, 9, 2, 5, 7, 0, 3, 8, 6]",1,603000,183.4496
Random,62,10,"[2, 9, 1, 4, 1, 7, 7, 7, 6, 3]",10,3000,0.0251
Hill Climbing,62,10,"[2, 9, 1, 4, 1, 7, 7, 7, 6, 3]",0,106,0.0107
Simulated Annealing,62,10,"[2, 9, 1, 4, 1, 7, 7, 7, 6, 3]",1,1147,0.0134
Genetic Algorithm,62,10,"[3, 9, 0, 5, 7, 2, 6, 8, 1, 4]",1,603000,183.6765
Random,63,10,"[0, 1, 1, 5, 2, 4, 4, 9, 3, 9]",11,3000,0.025
Hill Climbing,63,10,"[0, 1, 1, 5, 2, 4, 4, 9, 3, 9]",0,2807,0.9331
Simulated Annealing,63,10,"[0, 1, 1, 5, 2, 4, 4, 9, 3, 9]",0,850,0.0106
Genetic Algorithm,63,10,"[4, 6, 8, 2, 7, 3, 0, 9, 1, 5]",0,10653,3.1616
Random,64,10,"[3, 9, 8, 2, 5, 9, 7, 9, 1, 9]",7,3000,0.0251
Hill Climbing,64,10,"[3, 9, 8, 2, 5, 9, 7, 9, 1, 9]",0,507,0.144
Simulated Annealing,64,10,"[3, 9, 8, 2, 5, 9, 7, 9, 1, 9]",0,1109,0.0131
Genetic Algorithm,64,10,"[5, 7, 2, 6, 3, 9, 0, 8, 4, 1]",0,88842,26.9768
Random,65,10,"[3, 4, 1, 6, 7, 2, 1, 1, 0, 6]",17,3000,0.0252
Hill Climbing,65,10,"[3, 4, 1, 6, 7, 2, 1, 1, 0, 6]",0,1703,0.5468
Simulated Annealing,65,10,"[3, 4, 1, 6, 7, 2, 1, 1, 0, 6]",1,1147,0.0134
Genetic Algorithm,65,10,"[1, 7, 2, 8, 6, 4, 9, 0, 5, 3]",0,383910,116.9689
Random,66,10,"[9, 4, 5, 8, 0, 7, 3, 0, 2, 1]",9,3000,0.0251
Hill Climbing,66,10,"[9, 4, 5, 8, 0, 7, 3, 0, 2, 1]",0,308,0.0796
Simulated Annealing,66,10,"[9, 4, 5, 8, 0, 7, 3, 0, 2, 1]",1,1147,0.0134
Genetic Algorithm,66,10,"[7, 0, 6, 1, 9, 5, 3, 8, 4, 2]",0,4221,1.2171
Random,67,10,"[9, 1, 7, 4, 0, 0, 2, 9, 7, 5]",17,3000,0.0252
Hill Climbing,67,10,"[9, 1, 7, 4, 0, 0, 2, 9, 7, 5]",0,207,0.0445
Simulated Annealing,67,10,"[9, 1, 7, 4, 0, 0, 2, 9, 7, 5]",1,1147,0.0135
Genetic Algorithm,67,10,"[1, 6, 8, 0, 7, 3, 8, 2, 4, 9]",1,603000,183.5485
Random,68,10,"[5, 2, 6, 0, 1, 8, 1, 5, 9, 0]",8,3000,0.0252
Hill Climbing,68,10,"[5, 2, 6, 0, 1, 8, 1, 5, 9, 0]",0,1606,0.5137
Simulated Annealing,68,10,"[5, 2, 6, 0, 1, 8, 1, 5, 9, 0]",1,1147,0.0135
Genetic Algorithm,68,10,"[4, 7, 5, 2, 9, 1, 6, 8, 3, 0]",0,6834,2.0161
Random,69,10,"[3, 5, 6, 2, 3, 0, 1, 2, 3, 8]",10,3000,0.0251
Hill Climbing,69,10,"[3, 5, 6, 2, 3, 0, 1, 2, 3, 8]",0,707,0.2133
Simulated Annealing,69,10,"[3, 5, 6, 2, 3, 0, 1, 2, 3, 8]",1,1147,0.0132
Genetic Algorithm,69,10,"[6, 9, 2, 0, 8, 4, 7, 1, 3, 5]",0,4422,1.2763
Random,70,10,"[7, 9, 5, 4, 2, 2, 0, 5, 8, 7]",12,3000,0.0251
Hill Climbing,70,10,"[7, 9, 5, 4, 2, 2, 0, 5, 8, 7]",0,204,0.0444
Simulated Annealing,70,10,"[7, 9, 5, 4, 2, 2, 0, 5, 8, 7]",1,1147,0.0135
Genetic Algorithm,70,10,"[1, 4, 7, 5, 8, 2, 0, 6, 3, 9]",0,54270,16.4629
Random,71,10,"[9, 0, 6, 7, 9, 0, 3, 7, 7, 4]",7,3000,0.0253
Hill Climbing,71,10,"[9, 0, 6, 7, 9, 0, 3, 7, 7, 4]",0,307,0.0774
Simulated Annealing,71,10,"[9, 0, 6, 7, 9, 0, 3, 7, 7, 4]",1,1147,0.0131
Genetic Algorithm,71,10,"[1, 9, 6, 3, 0, 2, 8, 5, 7, 4]",0,7638,2.2574
Random,72,10,"[7, 8, 7, 7, 8, 9, 3, 2, 8, 7]",13,3000,0.025
Hill Climbing,72,10,"[7, 8, 7, 7, 8, 9, 3, 2, 8, 7]",10,3000,0.995
Simulated Annealing,72,10,"[7, 8, 7, 7, 8, 9, 3, 2, 8, 7]",1,1147,0.0134
Genetic Algorithm,72,10,"[0, 8, 4, 9, 7, 3, 1, 6, 2, 5]",0,6432,1.8869
Random,73,10,"[7, 4, 8, 5, 2, 6, 0, 5, 7, 4]",8,3000,0.0254
Hill Climbing,73,10,"[7, 4, 8, 5, 2, 6, 0, 5, 7, 4]",14,3000,0.9853
Simulated Annealing,73,10,"[7, 4, 8, 5, 2, 6, 0, 5, 7, 4]",1,1147,0.0135
Genetic Algorithm,73,10,"[0, 6, 1, 7, 2, 8, 3, 9, 9, 5]",1,603000,183.8844
Random,74,10,"[4, 4, 2, 3, 2, 3, 2, 2, 1, 8]",12,3000,0.0252
Hill Climbing,74,10,"[4, 4, 2, 3, 2, 3, 2, 2, 1, 8]",0,1508,0.4807
Simulated Annealing,74,10,"[4, 4, 2, 3, 2, 3, 2, 2, 1, 8]",1,1147,0.0134
Genetic Algorithm,74,10,"[6, 2, 5, 7, 0, 3, 8, 4, 1, 9]",0,467124,142.4424
Random,75,10,"[1, 9, 8, 3, 4, 4, 4, 1, 7, 4]",8,3000,0.0252
Hill Climbing,75,10,"[1, 9, 8, 3, 4, 4, 4, 1, 7, 4]",9,3000,0.9816
Simulated Annealing,75,10,"[1, 9, 8, 3, 4, 4, 4, 1, 7, 4]",0,902,0.0111
Genetic Algorithm,75,10,"[4, 6, 9, 5, 2, 0, 7, 3, 1, 8]",0,523002,159.0181
Random,76,10,"[3, 0, 8, 0, 2, 3, 0, 0, 2, 5]",12,3000,0.0253
Hill Climbing,76,10,"[3, 0, 8, 0, 2, 3, 0, 0, 2, 5]",0,2607,0.8507
Simulated Annealing,76,10,"[3, 0, 8, 0, 2, 3, 0, 0, 2, 5]",1,1147,0.0134
Genetic Algorithm,76,10,"[9, 3, 6, 0, 2, 8, 5, 7, 4, 1]",0,5628,1.6455
Random,77,10,"[5, 7, 7, 4, 6, 3, 7, 0, 6, 4]",6,3000,0.0252
Hill Climbing,77,10,"[5, 7, 7, 4, 6, 3, 7, 0, 6, 4]",0,508,0.148
Simulated Annealing,77,10,"[5, 7, 7, 4, 6, 3, 7, 0, 6, 4]",1,1147,0.0133
Genetic Algorithm,77,10,"[4, 8, 0, 3, 1, 7, 9, 6, 2, 5]",0,46632,14.1077
Random,78,10,"[8, 6, 4, 5, 4, 2, 8, 4, 1, 0]",7,3000,0.0255
Hill Climbing,78,10,"[8, 6, 4, 5, 4, 2, 8, 4, 1, 0]",0,505,0.1447
Simulated Annealing,78,10,"[8, 6, 4, 5, 4, 2, 8, 4, 1, 0]",1,1147,0.0133
Genetic Algorithm,78,10,"[4, 6, 8, 2, 5, 1, 9, 7, 0, 3]",0,14271,4.2692
Random,79,10,"[2, 1, 7, 5, 3, 3, 7, 7, 2, 7]",12,3000,0.025
Hill Climbing,79,10,"[2, 1, 7, 5, 3, 3, 7, 7, 2, 7]",5,3000,0.9956
Simulated Annealing,79,10,"[2, 1, 7, 5, 3, 3, 7, 7, 2, 7]",1,1147,0.0132
Genetic Algorithm,79,10,"[2, 4, 8, 0, 5, 9, 6, 1, 3, 7]",0,7638,2.2519
Random,80,10,"[0, 8, 1, 8, 3, 6, 5, 8, 4, 9]",16,3000,0.0252
Hill Climbing,80,10,"[0, 8, 1, 8, 3, 6, 5, 8, 4, 9]",0,1408,0.4479
Simulated Annealing,80,10,"[0, 8, 1, 8, 3, 6, 5, 8, 4, 9]",2,1147,0.0135
Genetic Algorithm,80,10,"[2, 0, 7, 4, 8, 5, 9, 1, 3, 6]",1,603000,183.9195
Random,81,10,"[2, 4, 1, 5, 9, 2, 0, 6, 6, 1]",10,3000,0.0253
Hill Climbing,81,10,"[2, 4, 1, 5, 9, 2, 0, 6, 6, 1]",0,2606,0.8509
Simulated Annealing,81,10,"[2, 4, 1, 5, 9, 2, 0, 6, 6, 1]",1,1147,0.0135
Genetic Algorithm,81,10,"[8, 6, 3, 0, 2, 7, 9, 3, 1, 4]",1,603000,183.9374
Random,82,10,"[2, 6, 6, 4, 7, 3, 7, 8, 2, 8]",10,3000,0.0253
Hill Climbing,82,10,"[2, 6, 6, 4, 7, 3, 7, 8, 2, 8]",0,1907,0.6149
Simulated Annealing,82,10,"[2, 6, 6, 4, 7, 3, 7, 8, 2, 8]",2,1147,0.0135
Genetic Algorithm,82,10,"[2, 8, 5, 9, 1, 6, 0, 3, 7, 4]",0,4221,1.2147
Random,83,10,"[2, 3, 0, 9, 7, 2, 1, 5, 1, 3]",11,3000,0.0249
Hill Climbing,83,10,"[2, 3, 0, 9, 7, 2, 1, 5, 1, 3]",0,104,0.01
Simulated Annealing,83,10,"[2, 3, 0, 9, 7, 2, 1, 5, 1, 3]",0,793,0.0102
Genetic Algorithm,83,10,"[1, 7, 4, 8, 0, 5, 9, 2, 6, 3]",0,351147,106.9202
Random,84,10,"[4, 1, 0, 9, 4, 6, 6, 8, 5, 2]",13,3000,0.0254
Hill Climbing,84,10,"[4, 1, 0, 9, 4, 6, 6, 8, 5, 2]",0,306,0.0766
Simulated Annealing,84,10,"[4, 1, 0, 9, 4, 6, 6, 8, 5, 2]",1,1147,0.0134
Genetic Algorithm,84,10,"[0, 4, 6, 1, 9, 7, 3, 8, 2, 5]",0,57084,17.5815
Random,85,10,"[6, 9, 2, 3, 2, 3, 2, 1, 2, 4]",12,3000,0.0252
Hill Climbing,85,10,"[6, 9, 2, 3, 2, 3, 2, 1, 2, 4]",13,3000,0.9799
Simulated Annealing,85,10,"[6, 9, 2, 3, 2, 3, 2, 1, 2, 4]",1,1147,0.0135
Genetic Algorithm,85,10,"[8, 4, 7, 3, 0, 2, 5, 9, 6, 1]",0,5829,1.6995
Random,86,10,"[6, 0, 3, 4, 7, 0, 4, 0, 4, 9]",5,3000,0.0253
Hill Climbing,86,10,"[6, 0, 3, 4, 7, 0, 4, 0, 4, 9]",0,1105,0.3461
Simulated Annealing,86,10,"[6, 0, 3, 4, 7, 0, 4, 0, 4, 9]",1,1147,0.0134
Genetic Algorithm,86,10,"[5, 1, 9, 7, 3, 8, 0, 2, 4, 6]",0,6834,2.0006
Random,87,10,"[3, 3, 6, 9, 8, 0, 2, 7, 0, 9]",10,3000,0.025
Hill Climbing,87,10,"[3, 3, 6, 9, 8, 0, 2, 7, 0, 9]",0,706,0.2168
Simulated Annealing,87,10,"[3, 3, 6, 9, 8, 0, 2, 7, 0, 9]",1,1147,0.0133
Genetic Algorithm,87,10,"[4, 7, 3, 0, 2, 8, 6, 9, 1, 5]",0,29145,8.8043
Random,88,10,"[7, 4, 4, 3, 1, 1, 4, 8, 5, 4]",11,3000,0.0256
Hill Climbing,88,10,"[7, 4, 4, 3, 1, 1, 4, 8, 5, 4]",10,3000,0.9801
Simulated Annealing,88,10,"[7, 4, 4, 3, 1, 1, 4, 8, 5, 4]",1,1147,0.0133
Genetic Algorithm,88,10,"[1, 7, 2, 8, 6, 4, 9, 0, 5, 3]",0,148941,45.4882
Random,89,10,"[1, 2, 8, 9, 2, 3, 2, 7, 6, 3]",13,3000,0.0253
Hill Climbing,89,10,"[1, 2, 8, 9, 2, 3, 2, 7, 6, 3]",0,905,0.2781
Simulated Annealing,89,10,"[1, 2, 8, 9, 2, 3, 2, 7, 6, 3]",1,1147,0.0134
Genetic Algorithm,89,10,"[6, 8, 2, 0, 9, 7, 4, 1, 3, 5]",0,17688,5.3016
Random,90,10,"[8, 1, 5, 9, 9, 4, 1, 8, 5, 6]",5,3000,0.0251
Hill Climbing,90,10,"[8, 1, 5, 9, 9, 4, 1, 8, 5, 6]",0,8,0.0007
Simulated Annealing,90,10,"[8, 1, 5, 9, 9, 4, 1, 8, 5, 6]",1,1147,0.0131
Genetic Algorithm,90,10,"[3, 7, 4, 1, 5, 9, 6, 0, 2, 8]",0,4422,1.2769
